Id,twitterUserName
1,
2,https://twitter.com/nondainc
3,
4,
5,
6,
7,http://www.twitter.com/simplygum
8,http://www.twitter.com/simplygum
9,http://www.twitter.com/simplygum
10,http://www.twitter.com/simplygum
11,http://www.twitter.com/simplygum
12,http://www.twitter.com/simplygum
13,https://www.twitter.com/leelb
14,https://twitter.com/elanlee
15,
16,https://twitter.com/getBetterBack
17,
18,
19,
20,
21,https://twitter.com/WreckCrewFilm
22,
23,
24,
25,
26,
27,https://twitter.com/#!/MikeFarrisMusic
28,
29,
30,https://twitter.com/nondainc
31,
32,
33,
34,
35,
36,
37,
38,
39,
40,http://www.twitter.com/bttrventures
41,https://twitter.com/outdoortech
42,https://twitter.com/Slightech
43,
44,
45,http://www.twitter.com/reCAPMasonJars
46,
47,http://www.twitter.com/RobThomas
47,http://www.twitter.com/VeronicaMars
48,http://twitter.com/BleepBleeps
49,
50,https://twitter.com/mathforlove
51,
52,https://twitter.com/nextbitsys
53,http://twitter.com/JuliaNunes
54,
55,http://www.twitter.com/emberlightco
56,https://twitter.com/AnovaSousVide
57,
58,
59,https://twitter.com/GetPortalNow
60,
61,https://twitter.com/GuitarTriller
62,
63,
64,
65,
66,
67,
68,
69,
70,
71,
72,http://www.twitter.com/anamanaguchi
73,https://twitter.com/mightymugs
74,https://twitter.com/YourSoulInsole
75,https://twitter.com/WEDOGLUTENFREE
76,
77,
78,
79,http://twitter.com/tarah
80,
81,https://twitter.com/CloopBand
82,
83,
84,https://twitter.com/wefordogs
85,
86,
87,
88,https://twitter.com/ToadWetSprocket
89,https://twitter.com/_T_E_E_N_
90,http://www.twitter.com/LoogGuitars
91,
92,
93,
94,
95,https://twitter.com/herwigphoto
96,
97,
98,
99,
100,
101,
102,
103,
104,
105,
106,https://twitter.com/ToadWetSprocket
107,
108,
109,
110,
111,
112,
113,
114,http://www.twitter.com/reCAPMasonJars
115,https://twitter.com/Go_Outfitters
116,
117,
118,https://twitter.com/nondainc
119,http://twitter.com/amandapalmer
120,
121,
122,
123,https://twitter.com/bcrimmins
124,https://twitter.com/greatdiscontent
125,http://twitter.com/getlametric
126,
127,https://twitter.com/WakaWakaLight
128,http://twitter.com/teamkano
129,
130,https://twitter.com/heysenic
131,
132,
133,https://twitter.com/MargotAtwell
134,
135,
136,
137,
138,
139,https://twitter.com/Go_Outfitters
140,http://twitter.com/#!/esproblog
141,
142,
143,
144,https://twitter.com/Facade_Games
145,
146,
147,
148,http://twitter.com/OneEarthDesigns
149,https://twitter.com/withpiper
150,https://twitter.com/firelightmedia
151,
152,
153,http://twitter.com/gir
154,https://twitter.com/CloopBand
155,
156,
157,https://twitter.com/#!/thingm
158,https://twitter.com/marbotic
159,https://twitter.com/Slightech
160,http://twitter.com/hnewlevant
161,
162,
163,
164,https://twitter.com/goatstory
165,
166,http://twitter.com/ilumisolutions
167,
168,
169,
170,
171,
172,http://twitter.com/microcosmmm
173,https://twitter.com/glamoursqualor
174,https://twitter.com/mightymugs
175,
176,https://twitter.com/CloopBand
177,
178,
179,http://www.twitter.com/sfgirlblog
180,http://www.twitter.com/4setv
181,
182,
183,
184,
185,http://twitter.com/microcosmmm
186,http://twitter.com/codychesnuTT
187,
188,
189,
190,
191,
192,https://twitter.com/designersbooks
193,https://twitter.com/glamoursqualor
194,
195,http://www.twitter.com/sfgirlblog
196,
197,https://twitter.com/mightymugs
198,
199,https://twitter.com/zachbraff
200,http://twitter.com/Iron_Spike
201,
202,
203,
204,
205,
206,https://twitter.com/connect_charlie
207,
208,http://twitter.com/#!/esproblog
209,
210,
211,
212,https://twitter.com/orukayak
213,https://twitter.com/godhelpthegirl
214,https://twitter.com/marbotic
215,
216,https://twitter.com/mgerber937
216,https://twitter.com/bystandertweets
217,http://twitter.com/#!/Pacificmambo
218,
219,http://twitter.com/ilumisolutions
220,http://twitter.com/#!/esproblog
221,https://twitter.com/goatstory
222,
223,http://www.twitter.com/sfgirlblog
224,
225,https://twitter.com/CloopBand
226,https://twitter.com/Go_Outfitters
227,
228,
229,
230,https://twitter.com/thepopcornball
231,http://twitter.com/godhatesgames
232,https://twitter.com/YourSoulInsole
233,
234,
235,
236,
237,
238,
239,
240,
241,
242,
243,
244,
245,
246,https://twitter.com/thejimmycase
247,
248,
249,https://twitter.com/MattBors
250,
251,https://twitter.com/CitizenKochFilm
252,http://www.twitter.com/owithme
253,http://twitter.com/gir
254,
255,
256,http://www.twitter.com/gary_hustwit
257,
258,https://twitter.com/Trivae
259,http://www.twitter.com/jamietanner
260,http://www.twitter.com/yumbutter
261,http://www.twitter.com/sfgirlblog
262,
263,https://twitter.com/ThinkHatCompany
264,
265,
266,https://twitter.com/mightymugs
267,
268,http://twitter.com/aleclongstreth
269,https://twitter.com/Taggio_Pro
270,https://twitter.com/goatstory
271,
272,https://twitter.com/EEpicGames
273,https://twitter.com/goatstory
274,http://www.twitter.com/theauris
275,
276,
277,https://twitter.com/pmpressorg
278,https://twitter.com/mightymugs
279,https://twitter.com/marbotic
280,https://twitter.com/getampy
281,
282,https://twitter.com/goatstory
283,https://twitter.com/urbanrunbell
284,
285,
286,
287,http://twitter.com/teamkano
288,
289,
290,
291,
292,https://twitter.com/goatstory
293,https://twitter.com/samlabs
294,https://twitter.com/KamigamiRobots
295,
296,
297,https://twitter.com/CisseTradingCo
298,
299,
300,
301,
302,https://twitter.com/YellowScopeGirl
303,
304,
305,
306,https://twitter.com/ThinkHatCompany
307,
308,http://www.twitter.com/boystorydolls
309,http://www.twitter.com/fuhlspeed
310,
311,
312,
313,https://twitter.com/mightymugs
314,https://twitter.com/SmartGolfClub
315,
316,
317,https://twitter.com/goatstory
318,
319,
320,
321,
322,
323,https://twitter.com/YourNewWallet
324,
325,http://www.twitter.com/boystorydolls
326,https://twitter.com/goatstory
327,https://twitter.com/samlabs
328,
329,
330,
331,
332,
333,
334,
335,
336,
337,http://www.twitter.com/boystorydolls
338,http://twitter.com/mozbii
339,
340,
341,https://twitter.com/mightymugs
342,
343,https://twitter.com/comoaudio
344,
345,
346,
347,
348,
349,
350,
351,
352,
353,http://www.twitter.com/yourheroboys
354,
355,
356,https://twitter.com/3DSoundLabs
357,
358,
359,https://twitter.com/3DSoundLabs
360,http://www.twitter.com/yourheroboys
361,
362,https://twitter.com/hellosugr
363,
364,http://www.twitter.com/boystorydolls
365,http://twitter.com/ARCHTaudio
366,
367,
368,
369,http://www.twitter.com/yourheroboys
370,http://www.twitter.com/yourheroboys
371,
372,https://twitter.com/samlabs
373,http://www.twitter.com/yourheroboys
374,
375,
